GEO.id,GEO.id2,GEO.display-label,rescen42010,resbase42010,respop72010,respop72011,respop72012,respop72013,respop72014,respop72015,respop72016,respop72017,respop72018,
Id,Id2,Geography,"April 1, 2010 - Census","April 1, 2010 - Estimates Base",Population Estimate (as of July 1) - 2010,Population Estimate (as of July 1) - 2011,Population Estimate (as of July 1) - 2012,Population Estimate (as of July 1) - 2013,Population Estimate (as of July 1) - 2014,Population Estimate (as of July 1) - 2015,Population Estimate (as of July 1) - 2016,Population Estimate (as of July 1) - 2017,Population Estimate (as of July 1) - 2018,
0500000US48001,48001,"Anderson County, Texas",58458,58459,58497,58394,58065,57977,57849,57646,57550,58212,58057,REP
0500000US48003,48003,"Andrews County, Texas",14786,14786,14849,15388,16113,16788,17445,18083,17805,17631,18128,REP
0500000US48005,48005,"Angelina County, Texas",86771,86771,86905,87295,87520,87333,87599,87874,87759,87711,87092,REP
0500000US48007,48007,"Aransas County, Texas",23158,23158,23182,23214,23457,23890,24570,24815,25191,25447,23792,REP
0500000US48009,48009,"Archer County, Texas",9054,9055,9112,8834,8809,8795,8837,8758,8780,8786,8786,REP
0500000US48011,48011,"Armstrong County, Texas",1901,1901,1902,1936,1953,1939,1913,1901,1843,1881,1892,REP
0500000US48013,48013,"Atascosa County, Texas",44911,44911,44953,45489,46430,47012,47708,48349,48703,49069,50310,REP
0500000US48015,48015,"Austin County, Texas",28417,28412,28362,28599,28561,28684,28972,29473,29636,29757,29989,REP
0500000US48017,48017,"Bailey County, Texas",7165,7165,7154,7175,7141,7128,6970,7222,7185,7054,7027,REP
0500000US48019,48019,"Bandera County, Texas",20485,20489,20562,20542,20594,20560,20816,21148,21705,22324,22824,REP
0500000US48021,48021,"Bastrop County, Texas",74171,74202,74362,75141,74858,75944,77994,80281,82827,84809,86976,REP
0500000US48023,48023,"Baylor County, Texas",3726,3726,3708,3695,3590,3578,3567,3609,3638,3559,3582,REP
0500000US48025,48025,"Bee County, Texas",31861,31861,31863,32311,32483,32812,32846,32612,32809,32599,32587,REP
0500000US48027,48027,"Bell County, Texas",310235,310159,312850,315780,324973,327061,330208,336174,341305,347851,355642,REP
0500000US48029,48029,"Bexar County, Texas",1714773,1714772,1722855,1755340,1789091,1821863,1858787,1896116,1929530,1958841,1986049,DEM
0500000US48031,48031,"Blanco County, Texas",10497,10495,10510,10577,10627,10648,10817,11042,11323,11513,11702,REP
0500000US48033,48033,"Borden County, Texas",641,641,646,632,613,646,665,655,657,670,648,REP
0500000US48035,48035,"Bosque County, Texas",18212,18217,18272,18263,18130,17869,17719,17868,18014,18318,18691,REP
0500000US48037,48037,"Bowie County, Texas",92565,92564,92636,92922,93129,93487,93502,93494,93994,93977,94324,REP
0500000US48039,48039,"Brazoria County, Texas",313166,313123,314447,319159,324284,329986,337698,345617,353778,362700,370200,REP
0500000US48041,48041,"Brazos County, Texas",194851,194861,195663,197416,200261,204141,209030,216450,220156,223572,226758,REP
0500000US48043,48043,"Brewster County, Texas",9232,9232,9260,9352,9262,9290,9151,9136,9197,9330,9267,REP
0500000US48045,48045,"Briscoe County, Texas",1637,1637,1632,1658,1575,1561,1551,1515,1485,1518,1516,REP
0500000US48047,48047,"Brooks County, Texas",7223,7223,7208,7217,7199,7263,7234,7200,7200,7153,7114,DEM
0500000US48049,48049,"Brown County, Texas",38106,38106,38078,37998,37811,37673,37555,37749,38074,37870,37924,REP
0500000US48051,48051,"Burleson County, Texas",17187,17187,17236,17324,17431,17269,17390,17614,17855,18068,18389,REP
0500000US48053,48053,"Burnet County, Texas",42750,42706,42755,43206,43370,43580,43951,44753,45852,46654,47542,REP
0500000US48055,48055,"Caldwell County, Texas",38066,38057,38131,38472,38690,39215,39721,40442,41169,42425,43247,REP
0500000US48057,48057,"Calhoun County, Texas",21381,21382,21313,21358,21578,21735,21821,21906,21977,21770,21561,REP
0500000US48059,48059,"Callahan County, Texas",13544,13546,13513,13511,13488,13501,13506,13591,13789,13968,13994,REP
0500000US48061,48061,"Cameron County, Texas",406220,406215,407654,413291,416098,417705,419467,420058,422137,423181,423908,DEM
0500000US48063,48063,"Camp County, Texas",12401,12401,12397,12421,12491,12467,12664,12708,12786,12874,13033,REP
0500000US48065,48065,"Carson County, Texas",6182,6186,6163,6238,6090,5988,6037,6011,6095,6010,6005,REP
0500000US48067,48067,"Cass County, Texas",30464,30464,30455,30275,30029,30236,30121,30141,30073,29980,30119,REP
0500000US48069,48069,"Castro County, Texas",8062,8063,8126,8095,8263,8122,7929,7797,7783,7760,7665,REP
0500000US48071,48071,"Chambers County, Texas",35096,35099,35446,35687,36498,37362,38290,39068,40247,41399,42454,REP
0500000US48073,48073,"Cherokee County, Texas",50845,50834,50944,51093,51292,51111,51219,51594,51926,52182,52592,REP
0500000US48075,48075,"Childress County, Texas",7041,7041,7070,7026,7097,7054,7194,7167,7196,7281,7291,REP
0500000US48077,48077,"Clay County, Texas",10752,10754,10737,10667,10523,10454,10377,10357,10249,10495,10456,REP
0500000US48079,48079,"Cochran County, Texas",3127,3127,3147,3081,3027,3008,2944,2975,2910,2853,2836,REP
0500000US48081,48081,"Coke County, Texas",3320,3317,3319,3266,3201,3179,3215,3227,3261,3303,3370,REP
0500000US48083,48083,"Coleman County, Texas",8895,8893,8872,8744,8668,8527,8417,8316,8412,8415,8397,REP
0500000US48085,48085,"Collin County, Texas",782341,782220,788431,813338,836154,857422,885827,915665,943719,971393,1005146,REP
0500000US48087,48087,"Collingsworth County, Texas",3057,3057,3054,3085,3024,3100,3016,3013,3013,2978,2962,REP
0500000US48089,48089,"Colorado County, Texas",20874,20872,20872,20806,20726,20721,20705,20929,21030,21228,21217,REP
0500000US48091,48091,"Comal County, Texas",108472,108485,109270,112072,114836,118591,123195,128783,134346,140790,148373,REP
0500000US48093,48093,"Comanche County, Texas",13974,13960,13953,13865,13723,13556,13475,13389,13531,13547,13534,REP
0500000US48095,48095,"Concho County, Texas",4087,4087,4102,4132,4090,4129,4104,4175,4297,4311,4276,REP
0500000US48097,48097,"Cooke County, Texas",38437,38439,38474,38444,38722,38463,38771,39173,39355,39984,40574,REP
0500000US48099,48099,"Coryell County, Texas",75388,75474,75660,76642,78475,76787,76178,76197,74879,74883,74808,REP
0500000US48101,48101,"Cottle County, Texas",1505,1506,1512,1507,1485,1442,1429,1439,1402,1381,1389,REP
0500000US48103,48103,"Crane County, Texas",4375,4375,4382,4358,4527,4721,4904,5002,4783,4713,4794,REP
0500000US48105,48105,"Crockett County, Texas",3719,3719,3701,3652,3706,3764,3790,3738,3647,3555,3499,REP
0500000US48107,48107,"Crosby County, Texas",6059,6056,6026,6042,6034,5923,5825,5917,5912,5872,5779,REP
0500000US48109,48109,"Culberson County, Texas",2398,2398,2404,2393,2317,2306,2283,2256,2224,2237,2204,DEM
0500000US48111,48111,"Dallam County, Texas",6703,6700,6748,6892,7065,7118,7224,7288,7293,7211,7200,REP
0500000US48113,48113,"Dallas County, Texas",2368139,2366683,2372327,2408170,2455921,2484988,2520434,2558913,2592844,2622799,2637772,DEM
0500000US48115,48115,"Dawson County, Texas",13833,13833,13827,13746,13613,13219,13448,12990,12998,12766,12619,REP
0500000US48117,48117,"Deaf Smith County, Texas",19372,19372,19465,19522,19381,19195,19139,18851,18894,18851,18760,REP
0500000US48119,48119,"Delta County, Texas",5231,5231,5241,5146,5241,5118,5140,5157,5145,5286,5349,REP
0500000US48121,48121,"Denton County, Texas",662614,662554,666768,685709,707971,728774,753429,779528,807883,835330,859064,REP
0500000US48123,48123,"DeWitt County, Texas",20097,20097,20054,20206,20359,20378,20521,20634,20626,20208,20187,REP
0500000US48125,48125,"Dickens County, Texas",2444,2441,2447,2400,2321,2296,2215,2208,2201,2207,2249,REP
0500000US48127,48127,"Dimmit County, Texas",9996,9996,10043,10111,10476,10903,10999,10939,10722,10346,10308,DEM
0500000US48129,48129,"Donley County, Texas",3677,3726,3734,3686,3644,3561,3484,3392,3389,3351,3319,REP
0500000US48131,48131,"Duval County, Texas",11782,11784,11722,11797,11589,11589,11519,11342,11429,11272,11212,DEM
0500000US48133,48133,"Eastland County, Texas",18583,18582,18594,18580,18461,18284,18262,18165,18261,18342,18322,REP
0500000US48135,48135,"Ector County, Texas",137130,137136,137083,139645,144524,149714,154674,159933,157805,157173,162124,REP
0500000US48137,48137,"Edwards County, Texas",2002,2002,1999,1979,1990,1899,1904,1912,1912,1941,1928,REP
0500000US48139,48139,"Ellis County, Texas",149610,149604,150371,152380,153767,155971,159259,163391,168467,173636,179436,REP
0500000US48141,48141,"El Paso County, Texas",800647,800653,803655,820216,832915,831746,834992,833961,838014,840545,840758,DEM
0500000US48143,48143,"Erath County, Texas",37890,37900,37917,38927,39414,39899,40532,41195,41376,41862,42446,REP
0500000US48145,48145,"Falls County, Texas",17866,17867,17895,17849,17574,17253,17214,17231,17311,17403,17335,REP
0500000US48147,48147,"Fannin County, Texas",33915,33910,33919,33876,33597,33513,33598,33500,33919,34572,35286,REP
0500000US48149,48149,"Fayette County, Texas",24554,24556,24561,24753,24666,24729,24792,24964,25051,25176,25349,REP
0500000US48151,48151,"Fisher County, Texas",3974,3978,3973,3961,3852,3873,3887,3893,3894,3904,3839,REP
0500000US48153,48153,"Floyd County, Texas",6446,6446,6403,6368,6349,6246,5947,5851,5863,5864,5837,REP
0500000US48155,48155,"Foard County, Texas",1336,1336,1345,1362,1311,1288,1276,1226,1201,1206,1200,REP
0500000US48157,48157,"Fort Bend County, Texas",585375,584690,590260,606063,624926,652050,684345,715067,743303,766136,787858,REP
0500000US48159,48159,"Franklin County, Texas",10605,10603,10609,10563,10638,10616,10568,10606,10673,10780,10766,REP
0500000US48161,48161,"Freestone County, Texas",19816,19817,19802,19599,19480,19595,19674,19745,19663,19654,19808,REP
0500000US48163,48163,"Frio County, Texas",17217,17217,17258,17493,17929,18406,18946,19269,19373,19564,19816,DEM
0500000US48165,48165,"Gaines County, Texas",17526,17526,17589,17912,18315,18820,19350,20241,20480,20635,20901,REP
0500000US48167,48167,"Galveston County, Texas",291309,291307,292476,295576,301053,306614,313426,321003,328822,334304,337890,REP
0500000US48169,48169,"Garza County, Texas",6461,6461,6469,6576,6438,6392,6456,6418,6504,6559,6578,REP
0500000US48171,48171,"Gillespie County, Texas",24837,24836,24887,25053,25193,25385,25495,25954,26259,26530,26804,REP
0500000US48173,48173,"Glasscock County, Texas",1226,1226,1232,1238,1280,1271,1327,1379,1363,1360,1388,REP
0500000US48175,48175,"Goliad County, Texas",7210,7210,7219,7208,7332,7451,7505,7510,7506,7548,7584,REP
0500000US48177,48177,"Gonzales County, Texas",19807,19811,19798,19760,19937,20156,20366,20532,20817,20796,20826,REP
0500000US48179,48179,"Gray County, Texas",22535,22537,22469,22657,22919,22995,23435,23251,22721,22121,21895,REP
0500000US48181,48181,"Grayson County, Texas",120877,120875,121030,121417,121854,122371,123615,125647,128331,131214,133991,REP
0500000US48183,48183,"Gregg County, Texas",121730,121745,121987,122657,123098,123255,123174,123915,123551,123123,123707,REP
0500000US48185,48185,"Grimes County, Texas",26604,26581,26615,26652,26683,26796,27003,27305,27505,27977,28360,REP
0500000US48187,48187,"Guadalupe County, Texas",131533,131534,132596,135810,139656,142909,146848,150665,154638,159841,163694,REP
0500000US48189,48189,"Hale County, Texas",36273,36206,36270,36383,36257,35682,34463,34066,34163,34044,33830,REP
0500000US48191,48191,"Hall County, Texas",3353,3353,3359,3312,3267,3164,3074,3096,3115,3059,3028,REP
0500000US48193,48193,"Hamilton County, Texas",8517,8512,8465,8388,8248,8240,8159,8079,8231,8394,8484,REP
0500000US48195,48195,"Hansford County, Texas",5613,5613,5601,5581,5535,5548,5562,5647,5580,5483,5463,REP
0500000US48197,48197,"Hardeman County, Texas",4139,4139,4159,4159,4098,4066,3991,3915,3969,3964,3922,REP
0500000US48199,48199,"Hardin County, Texas",54635,54635,54783,55061,55117,55301,55508,55761,56260,57159,57207,REP
0500000US48201,48201,"Harris County, Texas",4092459,4093188,4107828,4179796,4264193,4355158,4458709,4561939,4629189,4664159,4698619,DEM
0500000US48203,48203,"Harrison County, Texas",65631,65644,65769,66345,66271,66288,66610,66710,66640,66540,66726,REP
0500000US48205,48205,"Hartley County, Texas",6062,6062,6064,6030,6088,6001,6056,5700,5737,5721,5619,REP
0500000US48207,48207,"Haskell County, Texas",5899,5902,5879,5958,5883,5898,5809,5843,5796,5783,5813,REP
0500000US48209,48209,"Hays County, Texas",157107,157099,158212,163259,168518,176053,184895,194591,204358,214277,222631,REP
0500000US48211,48211,"Hemphill County, Texas",3807,3807,3795,3956,4092,4152,4164,4273,4098,3945,3825,REP
0500000US48213,48213,"Henderson County, Texas",78532,78534,78622,78792,78951,78639,79302,79507,80129,81061,82299,REP
0500000US48215,48215,"Hidalgo County, Texas",774769,774768,779213,795741,808835,819374,830824,841061,850798,858323,865939,DEM
0500000US48217,48217,"Hill County, Texas",35089,35088,35145,35200,35157,34855,34776,34871,35173,35819,36354,REP
0500000US48219,48219,"Hockley County, Texas",22935,22927,22852,22929,23075,23414,23469,23317,23048,22995,22980,REP
0500000US48221,48221,"Hood County, Texas",51182,51163,51268,51558,52129,52866,53820,55290,56703,58154,60537,REP
0500000US48223,48223,"Hopkins County, Texas",35161,35161,35206,35253,35310,35303,35696,35990,36212,36493,36810,REP
0500000US48225,48225,"Houston County, Texas",23732,23731,23681,23428,23209,22809,22815,22758,22915,23116,23169,REP
0500000US48227,48227,"Howard County, Texas",35012,35012,34992,35016,35531,36218,36602,37282,36792,36198,36459,REP
0500000US48229,48229,"Hudspeth County, Texas",3476,3476,3472,3412,3358,3341,3308,3539,4246,4600,4795,REP
0500000US48231,48231,"Hunt County, Texas",86129,86162,86384,86701,87001,87465,88679,89719,91943,93927,96493,REP
0500000US48233,48233,"Hutchinson County, Texas",22150,22249,22212,22021,22021,21924,21921,21810,21562,21362,21198,REP
0500000US48235,48235,"Irion County, Texas",1599,1597,1607,1592,1573,1610,1574,1543,1562,1511,1522,REP
0500000US48237,48237,"Jack County, Texas",9044,9044,9007,9032,8995,8954,8885,8883,8779,8821,8843,REP
0500000US48239,48239,"Jackson County, Texas",14075,14075,14091,14048,14273,14612,14726,14810,14874,14818,14874,REP
0500000US48241,48241,"Jasper County, Texas",35710,35710,35775,36199,35851,35615,35421,35260,35416,35550,35872,REP
0500000US48243,48243,"Jeff Davis County, Texas",2342,2342,2344,2282,2296,2231,2217,2199,2232,2271,2252,REP
0500000US48245,48245,"Jefferson County, Texas",252273,252277,252463,253456,251604,253111,252915,255232,256311,256591,255001,REP
0500000US48247,48247,"Jim Hogg County, Texas",5300,5300,5288,5291,5280,5268,5334,5307,5275,5245,5248,DEM
0500000US48249,48249,"Jim Wells County, Texas",40838,40836,40885,41211,41644,41679,41503,41526,41181,40930,40822,DEM
0500000US48251,48251,"Johnson County, Texas",150934,150940,151248,152071,153405,154539,156754,159368,162793,167101,171361,REP
0500000US48253,48253,"Jones County, Texas",20202,20192,20237,20266,19870,20034,19846,19972,19969,19852,19817,REP
0500000US48255,48255,"Karnes County, Texas",14824,14828,14889,14955,14860,14728,14913,15400,15456,15516,15650,REP
0500000US48257,48257,"Kaufman County, Texas",103350,103363,103890,105213,106578,108284,110913,114140,118030,122845,128622,REP
0500000US48259,48259,"Kendall County, Texas",33410,33411,33616,34447,35586,37173,38402,39965,41919,43984,45641,REP
0500000US48261,48261,"Kenedy County, Texas",416,413,417,438,447,438,437,440,434,422,442,REP
0500000US48263,48263,"Kent County, Texas",808,808,812,812,825,781,748,747,748,760,726,REP
0500000US48265,48265,"Kerr County, Texas",49625,49625,49622,49617,49701,49775,50334,50854,51384,51850,52405,REP
0500000US48267,48267,"Kimble County, Texas",4607,4605,4602,4594,4526,4464,4466,4393,4415,4406,4362,REP
0500000US48269,48269,"King County, Texas",286,285,288,258,270,273,263,281,291,289,277,REP
0500000US48271,48271,"Kinney County, Texas",3598,3598,3590,3607,3639,3632,3555,3608,3670,3775,3767,REP
0500000US48273,48273,"Kleberg County, Texas",32061,32061,32034,32033,32105,32031,31910,31487,31447,31152,31129,DEM
0500000US48275,48275,"Knox County, Texas",3719,3719,3723,3721,3729,3723,3802,3794,3733,3683,3653,REP
0500000US48277,48277,"Lamar County, Texas",49793,49789,49819,49854,49657,49095,49417,49380,49536,49597,49728,REP
0500000US48279,48279,"Lamb County, Texas",13977,13976,13994,14056,13861,13660,13484,13265,13205,13198,13158,REP
0500000US48281,48281,"Lampasas County, Texas",19677,19680,19766,19925,20060,20149,20113,20379,20560,20919,21229,REP
0500000US48283,48283,"La Salle County, Texas",6886,6886,6914,7001,7158,7449,7486,7650,7611,7567,7531,DEM
0500000US48285,48285,"Lavaca County, Texas",19263,19264,19255,19310,19529,19634,19783,19916,19875,20019,20110,REP
0500000US48287,48287,"Lee County, Texas",16612,16610,16592,16555,16504,16551,16626,16873,16976,17139,17144,REP
0500000US48289,48289,"Leon County, Texas",16801,16801,16726,16830,16747,16629,16737,17034,17200,17249,17270,REP
0500000US48291,48291,"Liberty County, Texas",75643,75641,75856,75981,76371,76854,78056,79611,81513,83809,86323,REP
0500000US48293,48293,"Limestone County, Texas",23384,23388,23490,23592,23690,23448,23538,23475,23527,23517,23519,REP
0500000US48295,48295,"Lipscomb County, Texas",3302,3302,3283,3332,3447,3490,3553,3563,3499,3376,3355,REP
0500000US48297,48297,"Live Oak County, Texas",11531,11533,11556,11507,11655,11818,12057,12177,12029,12185,12166,REP
0500000US48299,48299,"Llano County, Texas",19301,19301,19334,19069,19262,19506,19662,20083,20606,21205,21646,REP
0500000US48301,48301,"Loving County, Texas",82,82,84,95,86,106,89,119,117,136,152,REP
0500000US48303,48303,"Lubbock County, Texas",278831,278918,280304,283395,285972,289545,294488,298365,302129,304875,307412,REP
0500000US48305,48305,"Lynn County, Texas",5915,5915,5914,5886,5796,5728,5799,5747,5775,5841,5877,REP
0500000US48307,48307,"McCulloch County, Texas",8283,8284,8231,8254,8242,8245,8157,8259,8127,7960,7987,REP
0500000US48309,48309,"McLennan County, Texas",234906,234899,235917,237850,239390,241477,243220,245523,247649,251147,254607,REP
0500000US48311,48311,"McMullen County, Texas",707,707,711,697,731,761,800,835,820,785,749,REP
0500000US48313,48313,"Madison County, Texas",13664,13667,13736,13749,13742,13819,13869,13970,14122,14255,14422,REP
0500000US48315,48315,"Marion County, Texas",10546,10536,10488,10477,10377,10281,10153,10135,10124,10073,9928,REP
0500000US48317,48317,"Martin County, Texas",4799,4799,4809,4885,4981,5272,5462,5653,5638,5562,5753,REP
0500000US48319,48319,"Mason County, Texas",4012,4013,4010,4033,4057,4121,4096,4058,4167,4203,4280,REP
0500000US48321,48321,"Matagorda County, Texas",36702,36702,36708,36684,36553,36518,36501,36775,37076,36811,36552,REP
0500000US48323,48323,"Maverick County, Texas",54258,54258,54448,55292,55808,56593,57197,57806,58134,58227,58485,DEM
0500000US48325,48325,"Medina County, Texas",46006,46006,46129,46511,46804,47247,47839,48419,49280,50210,50921,REP
0500000US48327,48327,"Menard County, Texas",2242,2242,2230,2213,2204,2137,2128,2134,2093,2121,2139,REP
0500000US48329,48329,"Midland County, Texas",136872,136872,136985,140227,147356,152395,156787,162359,163862,165386,172578,REP
0500000US48331,48331,"Milam County, Texas",24757,24756,24679,24603,24111,24089,24145,24370,24691,24985,25131,REP
0500000US48333,48333,"Mills County, Texas",4936,4941,4968,4882,4830,4871,4871,4889,4890,4937,4921,REP
0500000US48335,48335,"Mitchell County, Texas",9403,9403,9413,9395,9331,9002,9074,8864,8477,8232,8145,REP
0500000US48337,48337,"Montague County, Texas",19719,19720,19716,19755,19476,19389,19368,19257,19396,19429,19596,REP
0500000US48339,48339,"Montgomery County, Texas",455746,455750,459210,471396,484622,498518,517328,536124,555703,572146,590925,REP
0500000US48341,48341,"Moore County, Texas",21904,21904,22007,22076,22438,22158,22006,21825,21810,21878,21485,REP
0500000US48343,48343,"Morris County, Texas",12934,12934,12920,12770,12703,12681,12606,12369,12426,12381,12339,REP
0500000US48345,48345,"Motley County, Texas",1210,1205,1205,1200,1197,1192,1149,1146,1169,1229,1234,REP
0500000US48347,48347,"Nacogdoches County, Texas",64524,64524,64686,65653,65869,65198,65248,65538,65693,65599,65711,REP
0500000US48349,48349,"Navarro County, Texas",47735,47840,47872,48077,48177,48060,47947,48209,48417,48779,49565,REP
0500000US48351,48351,"Newton County, Texas",14445,14445,14448,14561,14433,14341,14292,14159,14159,13930,13746,REP
0500000US48353,48353,"Nolan County, Texas",15216,15215,15247,15145,14937,15072,15128,15100,15015,14837,14751,REP
0500000US48355,48355,"Nueces County, Texas",340223,340223,340253,343252,347959,352996,356747,360616,361786,361014,362265,REP
0500000US48357,48357,"Ochiltree County, Texas",10223,10223,10170,10443,10616,10711,10727,10717,10290,10060,9947,REP
0500000US48359,48359,"Oldham County, Texas",2052,2052,2050,2071,2046,2088,2069,2064,2074,2113,2131,REP
0500000US48361,48361,"Orange County, Texas",81837,81837,82013,82331,82881,82811,83249,83946,84533,84936,83572,REP
0500000US48363,48363,"Palo Pinto County, Texas",28111,28122,28084,28051,27859,27876,28034,27966,28136,28575,28875,REP
0500000US48365,48365,"Panola County, Texas",23796,23796,23772,24008,23998,23793,23749,23665,23420,23219,23148,REP
0500000US48367,48367,"Parker County, Texas",116927,116957,117325,118318,119483,119796,122165,125696,129074,133704,138371,REP
0500000US48369,48369,"Parmer County, Texas",10269,10269,10264,10278,10189,9994,9962,9823,9815,9796,9864,REP
0500000US48371,48371,"Pecos County, Texas",15507,15507,15521,15641,15571,15665,15836,16012,15848,15618,15673,REP
0500000US48373,48373,"Polk County, Texas",45413,45415,45447,45578,45520,45539,45830,46632,47678,49016,50031,REP
0500000US48375,48375,"Potter County, Texas",121073,121078,121380,122311,122759,122168,122119,121385,120824,120518,119648,REP
0500000US48377,48377,"Presidio County, Texas",7818,7817,7876,7762,7633,7404,7216,7089,7208,7155,6948,DEM
0500000US48379,48379,"Rains County, Texas",10914,10916,10913,11002,10939,11032,11012,11136,11306,11751,12159,REP
0500000US48381,48381,"Randall County, Texas",120725,120720,121182,123416,124973,126755,128736,130443,132491,134433,136271,REP
0500000US48383,48383,"Reagan County, Texas",3367,3367,3353,3394,3480,3634,3788,3811,3722,3700,3741,REP
0500000US48385,48385,"Real County, Texas",3309,3309,3322,3431,3353,3319,3348,3297,3397,3427,3478,REP
0500000US48387,48387,"Red River County, Texas",12860,12864,12877,12685,12729,12496,12452,12355,12190,12203,12175,REP
0500000US48389,48389,"Reeves County, Texas",13783,13783,13836,13812,13987,14218,14557,14955,15122,15295,15695,DEM
0500000US48391,48391,"Refugio County, Texas",7383,7383,7375,7320,7255,7277,7357,7324,7269,7199,7032,REP
0500000US48393,48393,"Roberts County, Texas",929,929,924,926,942,919,914,910,910,937,903,REP
0500000US48395,48395,"Robertson County, Texas",16622,16620,16554,16656,16454,16430,16468,16701,16814,17185,17284,REP
0500000US48397,48397,"Rockwall County, Texas",78337,78330,78907,81028,82705,84671,87073,90169,93432,96877,100657,REP
0500000US48399,48399,"Runnels County, Texas",10501,10506,10512,10503,10338,10200,10297,10394,10291,10333,10234,REP
0500000US48401,48401,"Rusk County, Texas",53330,53307,53361,53697,53802,53352,53238,53006,52962,54320,54450,REP
0500000US48403,48403,"Sabine County, Texas",10834,10838,10873,10728,10525,10426,10431,10445,10382,10441,10589,REP
0500000US48405,48405,"San Augustine County, Texas",8865,8861,8854,8799,8788,8662,8480,8347,8283,8292,8232,REP
0500000US48407,48407,"San Jacinto County, Texas",26384,26377,26474,26778,26944,26734,27051,27358,27724,28242,28719,REP
0500000US48409,48409,"San Patricio County, Texas",64804,64802,64429,64454,65266,66140,66665,67126,67322,67223,66893,REP
0500000US48411,48411,"San Saba County, Texas",6131,6130,6134,6046,5992,5962,5862,5930,5934,6032,6054,REP
0500000US48413,48413,"Schleicher County, Texas",3461,3461,3503,3309,3260,3192,3165,3195,3057,2995,2895,REP
0500000US48415,48415,"Scurry County, Texas",16921,16919,16929,16861,17124,17276,17380,17566,17381,17004,16866,REP
0500000US48417,48417,"Shackelford County, Texas",3378,3380,3387,3338,3365,3379,3320,3337,3341,3305,3253,REP
0500000US48419,48419,"Shelby County, Texas",25448,25448,25459,25735,26075,25992,25624,25414,25624,25311,25418,REP
0500000US48421,48421,"Sherman County, Texas",3034,3034,3025,3014,3037,3069,3064,3051,3056,3041,3079,REP
0500000US48423,48423,"Smith County, Texas",209714,209725,210408,212764,214836,216521,219605,222447,225344,227460,230221,REP
0500000US48425,48425,"Somervell County, Texas",8490,8491,8501,8427,8556,8569,8562,8620,8672,8847,9016,REP
0500000US48427,48427,"Starr County, Texas",60968,60968,61147,61670,62019,62459,63059,63595,64025,64267,64525,DEM
0500000US48429,48429,"Stephens County, Texas",9630,9630,9617,9531,9610,9368,9345,9390,9385,9307,9433,REP
0500000US48431,48431,"Sterling County, Texas",1143,1143,1137,1170,1191,1230,1341,1336,1344,1301,1311,REP
0500000US48433,48433,"Stonewall County, Texas",1490,1490,1496,1463,1452,1418,1388,1399,1404,1387,1362,REP
0500000US48435,48435,"Sutton County, Texas",4128,4128,4062,3988,3917,3983,3970,3916,3885,3798,3758,REP
0500000US48437,48437,"Swisher County, Texas",7854,7859,7918,7803,7848,7723,7555,7484,7438,7481,7462,REP
0500000US48439,48439,"Tarrant County, Texas",1809034,1810655,1817507,1847736,1882350,1913161,1946639,1985924,2024925,2057468,2084931,REP
0500000US48441,48441,"Taylor County, Texas",131506,131508,131833,132839,134089,133937,135003,136141,136260,136696,137640,REP
0500000US48443,48443,"Terrell County, Texas",984,984,1011,950,921,891,910,870,824,820,823,REP
0500000US48445,48445,"Terry County, Texas",12651,12651,12682,12660,12632,12714,12795,12757,12779,12458,12287,REP
0500000US48447,48447,"Throckmorton County, Texas",1641,1641,1639,1637,1610,1606,1613,1559,1537,1519,1515,REP
0500000US48449,48449,"Titus County, Texas",32334,32334,32421,32454,32627,32607,32530,32697,32583,32806,33033,REP
0500000US48451,48451,"Tom Green County, Texas",110224,110228,110678,111740,113300,114676,116327,117501,117625,117689,118189,REP
0500000US48453,48453,"Travis County, Texas",1024266,1024462,1030539,1061719,1097072,1122585,1152758,1180173,1206383,1227771,1248743,DEM
0500000US48455,48455,"Trinity County, Texas",14585,14675,14729,14684,14372,14446,14300,14544,14552,14710,14740,REP
0500000US48457,48457,"Tyler County, Texas",21766,21760,21760,21666,21494,21500,21457,21372,21432,21523,21696,REP
0500000US48459,48459,"Upshur County, Texas",39309,39315,39379,39730,39919,39762,40286,40339,40809,41151,41260,REP
0500000US48461,48461,"Upton County, Texas",3355,3349,3338,3285,3263,3387,3483,3656,3699,3661,3671,REP
0500000US48463,48463,"Uvalde County, Texas",26405,26405,26443,26589,26752,26920,27046,26968,27088,27098,26846,REP
0500000US48465,48465,"Val Verde County, Texas",48879,48879,48980,48980,48991,49069,48877,48951,49003,49096,49208,DEM
0500000US48467,48467,"Van Zandt County, Texas",52579,52560,52589,52495,52217,52341,52799,53444,54378,55202,56019,REP
0500000US48469,48469,"Victoria County, Texas",86793,86793,86876,87550,89115,90076,91059,92178,92475,92103,92035,REP
0500000US48471,48471,"Walker County, Texas",67861,67861,68243,68407,68605,69414,70086,70861,71887,72383,72480,REP
0500000US48473,48473,"Waller County, Texas",43205,43277,43524,44109,44353,45431,46794,48663,50069,51285,53126,REP
0500000US48475,48475,"Ward County, Texas",10658,10658,10593,10671,10823,11208,11574,11633,11580,11423,11720,REP
0500000US48477,48477,"Washington County, Texas",33718,33695,33703,33955,33928,34201,34404,34833,34736,34897,35108,REP
0500000US48479,48479,"Webb County, Texas",250304,250304,251391,255981,260722,264632,267732,270120,272520,273982,275910,DEM
0500000US48481,48481,"Wharton County, Texas",41280,41280,41281,41289,41149,41142,41124,41426,41668,41916,41619,REP
0500000US48483,48483,"Wheeler County, Texas",5410,5406,5387,5447,5592,5719,5699,5664,5529,5326,5191,REP
0500000US48485,48485,"Wichita County, Texas",131500,131665,131800,130785,131691,132198,132649,131034,131443,131899,132064,REP
0500000US48487,48487,"Wilbarger County, Texas",13535,13535,13511,13454,13293,13207,12991,13067,12904,12747,12820,REP
0500000US48489,48489,"Willacy County, Texas",22134,22136,22227,22171,22219,22043,21966,21902,21813,21574,21515,DEM
0500000US48491,48491,"Williamson County, Texas",422679,422501,426284,442014,455788,470104,488041,507104,527474,545948,566719,REP
0500000US48493,48493,"Wilson County, Texas",42918,42913,43057,43670,44361,45230,46161,47185,48205,49215,50224,REP
0500000US48495,48495,"Winkler County, Texas",7110,7110,7087,7166,7373,7638,7826,8013,7876,7574,7720,REP
0500000US48497,48497,"Wise County, Texas",59127,59100,59101,59949,60414,61012,61705,62857,64466,65863,68305,REP
0500000US48499,48499,"Wood County, Texas",41964,41959,41981,42093,42387,42351,42774,43119,43760,44291,45129,REP
0500000US48501,48501,"Yoakum County, Texas",7879,7879,7851,7972,8058,8226,8404,8648,8651,8562,8591,REP
0500000US48503,48503,"Young County, Texas",18550,18550,18522,18353,18278,18358,18278,18165,18105,17978,18045,REP
0500000US48505,48505,"Zapata County, Texas",14018,14018,14087,14229,14285,14403,14404,14511,14456,14283,14190,DEM
0500000US48507,48507,"Zavala County, Texas",11677,11677,11728,11878,12022,12207,12259,12322,12127,11965,11983,DEM
